,Frequency
Back End Developer,100
Python Developer,83
IPS Job Developer,74
Objective-C Developer,63
Swift Developer,62
React.js Developer,59
CNC Programmer,39
Marketing Analyst/Developer,37
C# Developer,36
GHRSEA Lead SEI Resident (Program Seniors Only),34
Office Assistant,33
"Software Engineer, Resilience - Seattle",29
Software Engineer,19
Learning Management Systems Training Administrator,17
Javascript Developer,17
"Combination Building Inspector, Combination Electrical Inspector, or Building Inspector",16
Survey Party Chief & Crew Person,16
Principal Software Engineer - Data Engineering,15
"Software Development Engineer, AWS Internet of Things (IoT) Analytics",15
Cloud Solutions Consultant / Architect – AWS Infrastructure and DevOps,14
Principal Site Reliability (SRE) Engineer,14
SDET - Software Development Engineer in Test,14
Site Reliability Engineer,13
"Solution Architect - SRE - Cloud, DevOps, Security",12
"Software Developer, Eden ERP",12
HVAC Technician/Mobile Engineer,11
Maintenance Technician,11
Senior Site Reliability Engineer,11
"Engineering - Civil Engineer, PE",10
"Software Development Engineer - Machine Learning, Data Science, Distributed Systems, Full-Stack Oppotunities",10
"Korean- 1st SFG, 1st SFC IS Associate Language Instructor",10
SECONDARY ELL ELA INSTRUCTOR(S) 2019-20,10
Software Development Engineer - AWS IoT Greengrass,9
"Indonesian- 1st SFG, 1st SFC IS Associate Language Instructor",9
"Software Development Engineer, AWS IoT Core",9
Renovation Technician,9
"Chinese Mandarin- 1st SFG, 1st SFC IS Associate Language Instructor",9
Software Development Engineer,9
Assistant Community Manager - Axle Apartments,8
Software Development Engineer - AWS Cloud Directory,8
ELEMENTARY ELL FACILITATOR(S) 2019-20,7
Research Associate/Post Doctoral - Economic Social Modeling / Stock Assesment,7
"Simulations Engineering Manager, AI@Unity",7
"Site Reliability Engineer, Engineering Productivity",7
Maintenance Technician [Malmo],7
Principal Software Engineer (Computer Vision/Deep Learning),7
Cloud Architect,6
Adjunct Faculty Computer Network Engineering (CNE) Pool (part-time),6
Construction Superintendent-CDR,6
Applied Scientist II - Amazon,6
"Mortgage Consultant V, Assistant Vice President - Bellevue",6
Principal Backend Software Engineer,5
Superintendent (Disaster Solutions),5
"Site Reliability Engineer, MVP team",5
Field Deployment Engineer,5
Internship opportunities for Ph.D. students: Software Engineer – Machine Learning,5
Software Development Engineer - Prime Video,4
"Software Engineer, Cloud Data Platform",4
PHP Developer,4
Software Test Engineer,4
Web Developer,4
Software Development Engineer in Test (SDET) (2019-06046) Lacey,4
"Full-stack Software Engineer, Orchestration Team",4
Django Developer,4
Data Scientist,3
"Lead Software Engineer, UI",3
Reports Developer - Genoa Healthcare,3
Content Developer,3
Product Specialist,3
Firmware Engineer,3
Software Developer,3
Account Manager,3
Software Engineer - Site Reliability,3
"Software Development Engineer, Elastic Container Registry",3
Software Engineer 2 - iOS,3
Software Development Engineer - Marketing Technologies Platform,3
Software Development Engineer - Alexa Music,3
Salesforce Software Dev Engineer,3
DevOps Engineer,3
GE POWER DIGITAL TECHNOLOGY INTERNS - Grid Software (Summer 2019),3
SDL Tridion Developer/Build Engineer,3
Full Stack Software Engineer,3
"Software Engineer, Fullstack- Seattle",3
Associate Real Estate Developer (Seattle),3
Enterprise Automation Solutions (EAS) Software Developer #3072~,3
"Software Engineer, Build and Tools",3
"Software Development Engineer, Amazon DSP",3
Software Development Engineer (Full Stack),3
Software Development Engineer - Elastic Compute Cloud (EC2),3
Software Dev Engineer - AWS CodeDeploy,3
"Principal Software Engineer, Azure Key Vault",3
"Software Development Engineer, Last Mile Technology, Special Programs",3
.Net Full stack Developer,3
-Lead,2
"Full-Stack Software Engineer (Backend Focused), Data Workflow Team",2
Receivable Specialist,2
Software Database Engineer,2
Principal SDE,2
Programmer Writer,2
"Postdoctoral Applied Researcher, Empirical Software Eng (PhD University Grad)",2
Azure Cloud Project Manager,2
Administrative Assistant,2
Software Engineer I - AMP,2
Mobile Developer,2
Data Analyst,2
PM Housekeeping House Person - Graduate Seattle,2
Quality Assurance Engineer,2
"SDE, Machine Learning",2
QA Analyst,2
Software Development Instructor,2
Glacier Peak Institute Resource & Funding Developer,2
Computer Graphics Software Engineer Intern,2
Support Engineer,2
Java Software Developer,2
Test Engineer,2
Software Development Engineer in Test,2
Developer - Disaster Recovery (DR1),2
Prime Air Research Scientist,2
Programmer Writer - Database Services,2
Customer Service Representative,2
Performance and Capacity Engineer,2
SQL Server BI Developer,2
Data Engineer,2
ASP .Net Developer,2
Digital App Developer,2
Staff Cloud Full Stack Engineer,2
Learning Resource Engineer,2
Software Tester / Technical Analyst,2
Senior Software Development Engineer,2
Software Engineer - FMS/Avionics,2
Biller Integration Engineer,2
"Software Development Engineer, Alexa Tech",2
Embedded Software Developer,2
Shader Graph Engineer,2
Account Manager - Construction Special Projects,2
Software Development Engineer - Amazon Music Artist Services,2
"Graphics Engineer, Automotive, Consulting & Development",2
Software Development Engineer - F3 Shopping Experience,2
IS Integration Developer - Limited Term 18 months,2
Business Development Representative,2
Identity & Access Management Software Engineer,2
Business Intelligence Engineer,2
"Software Engineer, UI",2
Software Development Engineer - SCOT,2
2020 Summer Software Development Engineer Intern (SEA),2
Associate Application Developer,2
Azure Developer,2
Software Design Engineer,2
Content Developer II,2
Software Engineer (All Levels),2
Staff Cloud Distributed Systems Software Engineer,2
Business Intelligence (BI) Developers and Data Engineers (Project-Based),2
Store Manager,2
"Software Engineer, Front End",2
AWS Technical Customer Service Associate- Social Media,2
ASSISTANT CONSTRUCTION MANAGER,2
Technical Project Manager,2
WorkSpaces Software Development Engineer,2
Software Engineer (Full Stack) @ Fast Growing Food Startup,2
Overnight Guest Experience Manager,2
SQA Automation Engineer,2
"Drafter - Spokane, WA",2
"Senior Software Engineer, Containers",2
"Sales Engineer, Networking, Google Cloud",2
Security Engineer Intern,2
Principal Software Engineer,2
Web Technology Developer,2
CONTRACT – Virtualization Software Engineer (NTD),2
Sr. Developer,2
Backend Software Engineer -Vehicle Engineering (Seattle),2
Live Event Services - Software Development Engineer (Prime Video),2
Software Engineer - Engineering Data,2
CNC Programmer 5-AXIS,2
Construction Management Jobs,2
Product Manager,2
'19-'20 Community Partnership Developer VISTA,2
Software Developer 2,2
"Software Engineer, VizQL",2
Full Stack Developer,2
"Engineering Practicum Intern, Summer 2019",2
Software/Hardware Integration Engineer,2
IT Site Manager,2
Software Development Engineer - Amazon Videos Customer Engagement Channels,2
DSHS IT Application Developer,2
WordPress Web Developer,2
Business Intellignce Engineer,1
AngularJS Developer,1
Bioinformatician,1
Technical Industry Specialist - Payment Compliance,1
City of Everett Collaboration & Social Referral Developer,1
Prime AIr Software Development Engineer,1
Entry Level Cloud Infrastructure Developer,1
Principal Solution Architect,1
iOS Technician,1
"Software Engineer, Real-Time Communications",1
Software Development Engineer - AWS Config,1
BI Developer,1
Curriculum Developer,1
Internship opportunities for Ph.D. students: Software Engineer - Speech,1
Software Engineer - Conversational Svcs,1
Cloud -Security Engineer,1
Legal Collector,1
UX Designer,1
SQL Developer,1
"Back-End Software Engineer, Email and Calendar Team",1
Architectural Designer/Permit Technician,1
Software Developer and Problem Solver 2019,1
Software Development Engineer in Test.,1
Web Designers/Programmers Developers,1
Cloud Support Engineer (Mandarin Fluency) - - Amazon Web Services,1
"BI Developer (MSBI,SSIS,SSAS,ADF/ADL)",1
Sales Consultant - Healthcare & Education End User,1
Customer Engineering Software Engineer - Carrier Support Group,1
Web Development Engineer,1
Backend Software Engineer,1
"Software Development Engineer, Amazon Go",1
Front-End Software Engineer,1
Help Wanted,1
Embedded Real Time Software Developer 2-4,1
"QA Engineer, Cloud",1
Climber or Forerman,1
PeopleSoft Developer,1
"Software Development Engineer, Robotics Applications - Amazon Scout",1
Developer Advocate,1
Software Engineer – Xbox Live SDK,1
"Hardware Engineer, IoT, Last Mile Technology",1
"Software Development Engineer, AWS Alexa for Business",1
Marketing Operations Manager,1
Debt Collector,1
"Software Engineer in Test, Dashboard Applications",1
Business Development Manager - Architectural,1
Building Performance Engineer (Business Development & Software Support),1
Software Development Engineer - AWS CloudWatch,1
Scheduler,1
"Research Engineer, Computer Vision and Machine Perception (University)",1
.NET Performance Engineer,1
RF Test Engineer (Celluar),1
Software Development Engineer in Test (SDET) (IT Pro B-BU),1
Software Development Engineer - AWS SSO,1
"ViiV Medical Science Liaison, Pacific Northwest",1
GDIT is hiring in Keyport!,1
Node.js Developer,1
"AWS Database Services SDE, Amazon Redshift",1
Software Engineer - CTJ,1
Payment Automation Specialist,1
Front End Engineer - AWS Cognito,1
Unity User Interface Artist (Contract to Hire),1
Software Development Engineer - Test,1
Software Engineer/Intermediate Software Engineer,1
Plumbing Inspector,1
Software Engineer - Platform Excellence,1
"World Relief Seattle, AmeriCorps Education Specialist",1
CMM Programmer/Metrology Technician,1
Software Development Engineer II (full stack),1
Software Engineer - Data Management,1
Customer Service Associate,1
Engineering Technician III-Traffic + Eligibillity Register,1
"Software Development Engineer, Personalization & Discovery, Data Science, Machine Learning",1
Microsoft Dynamics AX Developer - Finance,1
HopeWorks Alumni & Employer Relationship Developer,1
"Software Engineer, Backend",1
Software Engineer 2 - Machine Learning,1
Front End Engineer,1
Associate Plans Examiner,1
Software Engineer II,1
Computer Systems Analyst,1
2019 TechX Internship- Cybersecurity (Local Seattle Area Only),1
Software Development Engineer - AWS S3 Storage,1
Software Development Engineer: Classification and Policy Platform,1
Software Development Engineer - Amazon FreeTime,1
iOS Front-End Engineer,1
Software Development Engineer - AWS S3,1
SAP TM Developer,1
SEP Vocational Specialist - BA Level,1
Site Reliability Engineer - CTJ,1
XR Engineer,1
Machine Learning Engineer,1
"Software Development Engineer, Siri Intelligence",1
"Software Dev Engineer - AWS Glacier, Cold Storage",1
Associate Engineer - Traffic,1
Front End Designer,1
Software Development Engineer - Amazon Photos (Fire TV),1
"Software Engineer, Data Engineering",1
Business Consultant,1
Housekeeping Room Attendant - Graduate Seattle,1
"Software Engineer, Data Platform",1
SOFTWARE ENGINEER,1
I.T. Web Store Developer or Assistant,1
MDU Sales Executive,1
Developer Evangelist,1
Engineering/Computer Science Associate Faculty (Pool Posting),1
Associate Solution Developer,1
2020 Winter Software Development Engineer Intern (SEA),1
Principal Consultant - Power BI (Seattle),1
Software Engineer (Cloud Platform),1
MEAN Stack Developer,1
Lead Mobile Engineer (iOS),1
PHP/Laravel Developer,1
Jr. SDET,1
Senior Full Stack Rails Developer,1
Web Content Writer,1
Technician - KUTI,1
System Engineering Manager,1
Front End Engineer - Sponsored Products Ads,1
Software Development Engineer - Alexa Engine,1
"Front-End Software Engineer, Data Workflow Team",1
2019 TechX Professional - Development & IT (Product & Technology),1
Java Developer,1
Fleet Maintenance Trainer,1
Sales / Applications Engineer,1
"SDE I, AWS Alexa for Business",1
Resource & Funding Developer,1
"Fullstack Engineer, SEA",1
System Development Engineer,1
UI Developer,1
"Software Development Engineer, Amazon Photos on Alexa",1
"Siri - Proactive QE, Automation",1
Programmer Analyst,1
"Sales Engineer, Data Analytics, Google Cloud Platform",1
QA - QA Tester,1
Development & Analytics - Global Business Operations,1
Producer- DevOps,1
Guest Service Representative,1
Software Developement Engineer; Amazon Video Playback,1
PRODUCTION TEAM LEAD,1
Frontend DevOps Engineer,1
Research Intern,1
"Software Developer, Professional Services",1
Software Development Engineer I,1
(add)ventures is an equal opportunity employer,1
React Developer,1
Staff Cloud Front-End Software Engineer,1
Software Engineer - Backend,1
2019 TechX Professional - Engineering,1
Software Engineer for VR & Hardware,1
UX Developer,1
Software Development Engineer (Web),1
Go Developer,1
DevOps Architect,1
Project Manager for AutoScale Ventures,1
Software Engineer - Amazon Photos,1
Prospector Outside Sales,1
Software Development Engineer III (Back-End),1
Sound Designer,1
Associate: Project Finance - Latin America,1
CNC Machinist/Programmer,1
"Software Engineer, Knowledge Platform",1
Software Application Engineer,1
Jr. Software Engineer,1
Employment Specialist,1
Metalphoto Tech,1
Night Concierge/Porter [Commons at Ballard],1
Senior Ruby Full Stack Developer,1
Full-Stack Software Engineer,1
MTS Firmware Engineer 72394,1
"Web Develpooment Teaching Assistant - University of Washington, Seattle",1
High Performance Computing Software Researcher - 74116,1
"Principal Software Engineer, Big Data (Spark, Hive, Presto, Airflow)",1
Business Outlet Developer,1
Software Development Analyst,1
"Associate Developer, Software",1
Technical Sourcer,1
Scala Developer,1
Bilingual Associate Software Engineer (NTD),1
ATLAS Application Developer (IT Application Development - Journey),1
Project Engineer (Remediation Team),1
Lead UX Designer,1
Software Engineer (UI Designer),1
Community Employment Specialist,1
Guest Service Representative - Graduate Seattle,1
Partner Solutions Architect,1
Software Engineering Intern - Automation for FW/SW,1
Manager,1
Java MicroServices Software Engineer,1
Overnight Guest Service Associate - Graduate Seattle,1
Developer Technology Engineer - Game Engineering - 73962,1
Software Development Manager - Foundational Services,1
Senior Software Engineer,1
Big Data Software Developer,1
"Principal Software Engineer, Big Data",1
Software Development Engineer (Test),1
Security Software Engineer,1
Premier Field Services Technician,1
HDQC Software Engineer I,1
Associate Business Intelligence Developer,1
Build Engineer,1
Supervisory DBA,1
Producer,1
Associate Developer - EDI,1
SMTS Firmware Engineer 72454,1
"Software Engineer, AWS Apps",1
Principal Cloud-Native Application Architect,1
Java/.NET Developer #2814~,1
Junior .Net Developer,1
Software Development Engineer(SDE),1
Frontend Software Engineer,1
"Back-End Developer/SW Engineer 1 (Java, Python, Spring Boot, AWS)",1
"Sales Manager- Long Beach, WA",1
Devops Engineer,1
"Sales Engineer, Hybrid Cloud, Google Cloud",1
"Sales Engineer, Google Cloud",1
Decision Planning Analyst,1
Mechanical Engineering Technician,1
Apigee Consultant,1
Software Consulting Engineer - Site Reliability Engineer,1
Software Engineer - iQ Data Platform,1
DotNet Full stack Developer,1
"Software Engineer, Adobe Cloud Platform Digital Composite Technology",1
Sr. Software Development Engineer,1
Gameplay Programmer,1
"Sales Engineer - Graduate Training Program - Washington, Oregon, Hawaii, Alaska",1
Software Engineer Vancouver WA,1
"Software Dev Engineer, AWS Developer Tools",1
Senior Performance Engineer,1
National Sales Executive - Design & Construction Technology Solutions,1
