RoleTitle,Company,LocationState,LocationCity,LocationZipCode,LocationArea,MinimumSalary,MaximumSalary,SalaryTimeUnits,ShortDescription,HasExpressApply,IsSponsored,IndeedJobListingURL,ExperienceLevel,JobType,ResponsiveEmployer,JobID,ClassifiedJobRoles,FullDescription,GenBulletPoints,GoodToHaveBulletPoints,RequiredBulletPoints,HasBulletPoints,genSkills,GoodToHaveAssociatedSkills,RequiredAssociatedSkills,ApplicationURL,LastUpdated
"Lead Incentive Business Analyst (Bellevue, WA)",Southern Glazer’s Wine and Spirits,WA,Bellevue,98009,N/A,N/A,N/A,N/A,Southern Glazer’s Wine and Spirits is seeking candidates for aLeadBusiness Analyst – WA Sales Commissions & Incentives Processopportunity in the Washington Area…,N/A,N/A,https://www.indeed.com//rc/clk?jk=13bba6c43ff16a50&fccid=52a28443b9a60e8d&vjs=3,Entry Level,Commission,N/A,p_13bba6c43ff16a50,Analyst,"<div class=""jobsearch-jobDescriptionText"" id=""jobDescriptionText""><div><b>Description</b><br/>
<p>Southern Glazer’s Wine and Spirits is seeking candidates for a<b>Lead</b><b>Business Analyst – WA Sales Commissions &amp; Incentives Process</b>opportunity in the Washington Area, based in Bellevue, Washington.Duties include but are not limited to the following:</p><ul><li>Point of contact for SGWS supplier incentives for management, employees, and suppliers.</li><li>Process SGWS Supplier Incentives &amp; SGWS Sales Commissions on a monthly basis.</li><li>Regularly update and maintain the incentive earnings on company SharePoint.</li><li>Provides technical assistance by responding to inquiries from management &amp; employees regarding errors, problems, or questions about reports, programs, or incentives.</li><li>Accurately maintains databases related to both Commissions &amp; Incentives</li><li>Generates reports as requested or required by management or suppliers.</li><li>Extensive use of various business intelligence platforms; including but not limited to ProDiver, IBM National Sales Manager (NSM), AS400 (Unix), SAP BusinessObjects.</li><li>Confers with persons originating, handling, processing, or receiving incentive payments and provides recommendations as needed.</li><li>Confers with management to analyze current operational procedures, identify problems, understand how data is to be summarized, and reports are to be formatted.</li><li>Provides training on Diver, Business Objects, AS400, NSM, and other SGWS systems.</li><li>Oversees scorecard programs to ensure that information is tracked, compiled, and reported for payment on a timely basis.</li><li>Maintain business composure under weight of deadlines and multiple project workloads.</li></ul><p></p><div><b><br/>
Qualifications</b><br/>
<div>Minimum Qualifications:<br/>
</div><div></div><ul><li>Excellent analytical &amp; presentation skills</li><li>Extensive experience using Microsoft Excel (Formulas, Pivot Tables, VBA/Macros) &amp; other MS Office Products (Access, Outlook, Powerpoint)</li><li>At least one year experience of project management with proven track record.</li><li>Ability to learn and adapt to new software/systems quickly.</li><li>Ability to effectively present information and respond to questions from groups of managers, clients, and customers.</li><li>Ability to interpret a variety of instructions furnished in written, oral, diagram, or schedule form.</li><li>Ability to independently complete projects on time, producing work that is thorough, accurate, and compelling.</li><li>Ability to work collaboratively with team members and management.</li><li>Ability to lead team to successful outcomes.</li><li>Willingness to grow and increase aptitude.</li></ul><div></div><div><br/>
Preferred Qualifications:</div><div></div><ul><li><br/>
Bachelor’s Degree preferred</li><li>Proficiency in Data Science – Creating/Managing Data Framework for Storage &amp; Reporting</li><li>Ability to write SQL Queries to access Data Tables using MS SQL Server Management Studio (SSMS)</li><li>Proven experience in gathering business/reporting requirements for vital stakeholders in building processes &amp; technical solutions</li></ul></div><p></p><div><br/>
Job:Administrative</div><div>
Primary Location:United States-Washington-Bellevue</div><div>
Shift:Day Shift</div></div><p></p></div>","['<ul><li>Excellent analytical &amp; presentation skills</li><li>Extensive experience using Microsoft Excel (Formulas, Pivot Tables, VBA/Macros) &amp; other MS Office Products (Access, Outlook, Powerpoint)</li><li>At least one year experience of project management with proven track record.</li><li>Ability to learn and adapt to new software/systems quickly.</li><li>Ability to effectively present information and respond to questions from groups of managers, clients, and customers.</li><li>Ability to interpret a variety of instructions furnished in written, oral, diagram, or schedule form.</li><li>Ability to independently complete projects on time, producing work that is thorough, accurate, and compelling.</li><li>Ability to work collaboratively with team members and management.</li><li>Ability to lead team to successful outcomes.</li><li>Willingness to grow and increase aptitude.</li></ul>']",N/A,N/A,True,"['Excel', 'Experience', 'Information', 'Management', 'Microsoft', 'New', 'Office', 'Outlook', 'Pivot', 'Presentation', 'Software', 'Systems', 'Tables', 'Team', 'Time', 'Vba']",N/A,N/A,https://www.indeed.com/rc/clk?jk=13bba6c43ff16a50&from=vj&pos=bottom,2019-09-07 20:39:59.723943
Benefit Analyst,Gallagher,WA,Bellevue,N/A,N/A,N/A,N/A,N/A,"Gallagher is a global leader in insurance, risk management and consulting services. We help businesses grow, communities thrive and people prosper.",N/A,N/A,https://www.indeed.com//rc/clk?jk=8a9eb901879a2b8b&fccid=34339113b7d1ef4f&vjs=3,Entry Level,Commission,N/A,p_8a9eb901879a2b8b,Analyst,"<div class=""jobsearch-jobDescriptionText"" id=""jobDescriptionText""><div><div><div>Gallagher is a global leader in insurance, risk management and consulting services. We help businesses grow, communities thrive and people prosper. We live a culture defined by <i>The Gallagher Way</i>, our set of shared values and guiding tenets. A culture driven by our people, over 30,000 strong, serving our clients with customized solutions that will protect them and fuel their futures.</div><div><br/>
</div><div>
Gallagher Benefit Services, Inc. (GBS) consistently stands out in a competitive marketplace as an employer of knowledgeable, highly skilled and competitive talent. We are a company that touches businesses and their employees on a personal level. At the core, our job is to help protect the health and well-being of employees and their families and provide for their financial security – all while allowing employers to attract and retain the people they need to grow and succeed. As you consider the value of working for Gallagher Benefit Services, remember your talent, winning attitude and strong performance will be highly valued and will maximize your future potential.</div><div>
</div><div><b>
Position Summary:</b><br/>
</div><div><br/>
</div><div>Internally focused, contributes to the creation and development of carrier market programs concentrated on market relations, creation of panels for product support, qualifying insurance carriers, and establishing commission terms and conditions.</div><div><br/>
</div><div><b>
Essential Duties and Responsibilities:</b></div><div><ul><li>
Managing, monitoring, and negotiating renewal of existing carrier agreements.</li><li>
Acting as an advocate for existing client carriers, and reviewing carrier commission schedules and seeking most favorable plans for division branch network.</li><li>
Working closely with regional/branch network in regard to locally administered plans and helping to navigate national plans.</li><li>
Working with business niches in developing enhanced compensation plans with key markets.</li><li>
Measuring and reporting on the various forms of compensation paid to AJG by insurance carriers.</li></ul>
Additional considerations may also include:</div><div><ul><li>
Working closely with our carrier contacts to develop new and enhance existing compensation plans.</li><li>
Reviewing compensation plans of recent acquisitions to work toward integrating into existing AJG/Division plans.</li><li>
Supporting contracted client in using and accessing the carrier platform.</li><li>
Works with a large degree of autonomy under the instruction of more senior staff.</li><li>
Will support on key projects and may lead smaller projects.</li></ul></div></div>
<div></div><div><div>Required:</div>
<ul><li>Bachelor's degree</li><li>
2 or more years related experience.</li></ul>
<div>U.S. Eligibility Requirements:</div>
<ul><li>Interested candidates must submit an application and resume/CV online to be considered.</li><li>
Must be 18 years of age or older.</li><li>
Must be willing to submit to a background investigation; any offer of employment is conditioned upon the successful completion of a background investigation.</li><li>
Must have unrestricted work authorization to work in the United States. For U.S. employment opportunities, Gallagher hires U.S. citizens, permanent residents, asylees, refugees, and temporary residents. Temporary residence does not include those with non-immigrant work authorization (F, J, H or L visas), such as students in practical training status. Exceptions to these requirements will be determined based on shortage of qualified candidates with a particular skill. Gallagher will require proof of work authorization.</li><li>
Must be willing to execute Gallagher's Employee Agreement or Confidentiality and Non-Disclosure Agreement, which require, among other things, post-employment obligations relating to non-solicitation, confidentiality and non-disclosure.</li></ul>
<div>Gallagher offers competitive salaries and benefits, including: medical/dental/vision plans, life and accident insurance, 401(K), employee stock purchase plan, educational expense reimbursement, employee assistance program, flexible work hours (availability varies by office and job function) training programs, matching gift program, and more.</div><br/>
<div></div><div><i>Gallagher believes that all persons are entitled to equal employment opportunity and does not discriminate against nor favor any applicant because of race, sex, color, disability, national origin, religion, creed, age, marital status, citizenship, veteran status, gender, gender identity / expression, actual or perceived sexual orientation, or any other protected characteristic. </i><i>Equal employment opportunity will be extended in all aspects of the employer-employee relationship, including, but not limited to, recruitment, hiring, training, promotion, transfer, demotion, compensation, benefits, layoff, and termination. In addition, Gallagher will make reasonable accommodations to known physical or mental limitations of an otherwise qualified applicant with a disability, unless the accommodation would impose an undue hardship on the operation of our business.</i></div></div></div></div>",N/A,N/A,"['<ul><li>\nManaging, monitoring, and negotiating renewal of existing carrier agreements.</li><li>\nActing as an advocate for existing client carriers, and reviewing carrier commission schedules and seeking most favorable plans for division branch network.</li><li>\nWorking closely with regional/branch network in regard to locally administered plans and helping to navigate national plans.</li><li>\nWorking with business niches in developing enhanced compensation plans with key markets.</li><li>\nMeasuring and reporting on the various forms of compensation paid to AJG by insurance carriers.</li></ul>']",True,N/A,N/A,"['Forms', 'Monitoring', 'Network']",https://www.indeed.com/rc/clk?jk=8a9eb901879a2b8b&from=vj&pos=bottom,2019-08-28 20:40:01.642107
"Key Holder, Robert Graham - Bellevue Square, WA",Centric Brands,WA,Bellevue,N/A,N/A,N/A,N/A,N/A,"ROBERT GRAHAM founded in 2001, is an American eclectic luxury men's and women's apparel brand. We sell to top US retailers including Neiman Marcus, Saks along…",N/A,N/A,https://www.indeed.com//rc/clk?jk=ad683c39f59869d5&fccid=a477bf7c87b05e26&vjs=3,Entry Level,Commission,N/A,p_ad683c39f59869d5,IT,"<div class=""jobsearch-jobDescriptionText"" id=""jobDescriptionText""><div><h2 class=""jobSectionHeader""><b>Specific Responsibilities
</b></h2><div><div><div><div>ROBERT GRAHAM founded in 2001, is an American eclectic luxury men's and women's apparel brand. We sell to top US retailers including Neiman Marcus, Saks along with the very best specialties retailers, as well as key doors internationally.</div><div></div><br/>
<div><b>
ABOUT THE JOB:</b></div><div>
Position is responsible to support overall sales in the store, staff, merchandise and customer service, while promoting a sales culture to build productivity and passion for the brand. This position will ensure that all internal and external customers receive exemplary service and receive a positive store/brand experience.</div><div></div><br/>
<div><b>
SALES GENERATION:</b></div><ul><li>
Meet sales goals-Continuously motivate sales staff to meet assigned sales and productivity goals</li><li>
Support the development of associates' sales techniques, ensuring utilization of elevated levels of sales and service to maximize sales</li><li>
Demonstrate an in-depth knowledge of the merchandise; ensure selling is fluent in all aspects of product knowledge with an ability to grow within the company</li><li>
Demonstrate sales leadership for staff by playing an active role on the selling floor-collaborate with the management to identify marketing opportunities to support sales;</li><li>
Work with the Store Manager to develop events/incentives that will continue to grow customer base, with particular emphasis on building local market.</li></ul><div><b>
CUSTOMER SERVICE:</b></div><div></div><br/>
<div>
Ensure all associates provide the highest level of customer service to achieve World Class Service standards</div><ul><li>
Ensure staff maintains constant client communication through referring to client books and client database</li><li>
Resolve all client problems and complaints quickly and effectively</li><li>
Assist sales associates with various customer service issues i.e. dissatisfied customers, returns, defective merchandise.</li><li>
Empower associates to make decisions in the customer's best interest that also support the Company's philosophy</li></ul>
</div></div></div><h2 class=""jobSectionHeader""><b>Skills and Requirements
</b></h2><div><div><div><ul><li>Is dedicated to meeting the expectations and requirements of internal and external customers.</li><li>
Gets first-hand customer information and uses it for improvements in products and services.</li><li>
Acts with customers in mind; establishes and maintains effective relationships with customers</li><li>
Be knowledgeable and enthusiastic about fashion</li><li>
Excellent communication skills</li><li>
Availability to work weekends and Holidays and report to work on a timely fashion</li><li>
Ability to support management with supervision of scheduled staff in the store</li><li>
Hold Store Key</li></ul><div><b>
WE OFFER</b>:</div><ul><li>
Excellent career growth opportunities,</li><li>
Hourly Rate plus commission;</li><li>
Dynamic teamwork environment;</li></ul><div></div><br/>
<div><b>
Robert Graham is an equal opportunity employer</b></div><div></div><br/>
<div><b>
Indeed-C</b></div><div><b>
#LI-POST</b></div></div></div></div></div></div>","[""<ul><li>\nMeet sales goals-Continuously motivate sales staff to meet assigned sales and productivity goals</li><li>\nSupport the development of associates' sales techniques, ensuring utilization of elevated levels of sales and service to maximize sales</li><li>\nDemonstrate an in-depth knowledge of the merchandise; ensure selling is fluent in all aspects of product knowledge with an ability to grow within the company</li><li>\nDemonstrate sales leadership for staff by playing an active role on the selling floor-collaborate with the management to identify marketing opportunities to support sales;</li><li>\nWork with the Store Manager to develop events/incentives that will continue to grow customer base, with particular emphasis on building local market.</li></ul>""]",N/A,['<ul><li>Is dedicated to meeting the expectations and requirements of internal and external customers.</li><li>\nGets first-hand customer information and uses it for improvements in products and services.</li><li>\nActs with customers in mind; establishes and maintains effective relationships with customers</li><li>\nBe knowledgeable and enthusiastic about fashion</li><li>\nExcellent communication skills</li><li>\nAvailability to work weekends and Holidays and report to work on a timely fashion</li><li>\nAbility to support management with supervision of scheduled staff in the store</li><li>\nHold Store Key</li></ul>'],True,"['Customer', 'Development', 'Events', 'Management', 'Product', 'Service', 'Support', 'Techniques']",N/A,"['Communication', 'Customer', 'Information', 'Management', 'Services', 'Support']",https://www.indeed.com/rc/clk?jk=ad683c39f59869d5&from=vj&pos=bottom,2019-08-23 20:40:03.468848
Web Design Tutoring/Teaching,Wyzant,WA,Kennewick,99336,N/A,$24 ,$30 ,Hourly,I am in college in an Introduction to Web Systems and Media.I have a few days left to do 2 assignments and then 1 week to do the last 2 assignments.,N/A,N/A,https://www.indeed.com//rc/clk?jk=05528242fa34039d&fccid=b4e63b038066bea9&vjs=3,Entry Level,Commission,N/A,p_05528242fa34039d,Web Developer,"<div class=""jobsearch-jobDescriptionText"" id=""jobDescriptionText"">I am in college in an Introduction to Web Systems and Media. I have a few days left to do 2 assignments and then 1 week to do the last 2 assignments.
<br/><br/>
<b>Student/Parent Information:</b><br/>
<b>Location:</b> Kennewick, WA 99336
<br/><b>Subject:</b> web development and Media
<br/><br/>
<b>Lesson Information:</b><br/>
<b>Availability:</b> I'm flexible
<br/><b>Preferred lesson location:</b> Online
<br/><br/>
Web Design Tutoring &amp; Teaching opportunities available in Kennewick, WA starting at $25-$50/hr.
<br/><br/>
<ul>
<li>Apply to become a tutor listed on Wyzant to help this student and other students in your community</li>
<li>Work with a variety of students in your best subjects</li>
<li>Spend more time teaching and less time administering</li>
<li>Set your own hours while you help students learn the subjects you love to teach</li>
</ul>
Qualifications
<br/><ul>
<li>A love of learning</li>
<li>Excellent communication skills</li>
<li>Expertise in a variety of disciplines</li>
<li>Passion for helping others learn and succeed</li>
</ul>
Pay
<br/><ul>
<li>Set your own rate (most tutors charge between $30-60/hour)</li>
<li>Commission fee is only 20-40% compared to the 60-80% that traditional tutoring companies take.</li>
</ul>
Application Process
<br/><ul>
<li>Upon submission, your application will be reviewed to ensure quality before becoming active.</li>
<li>You'll receive an initial response within 48 hours of submission.</li>
</ul>
</div>",N/A,N/A,N/A,False,"['Application', 'Communication', 'Design', 'Development', 'Information', 'Learning', 'Media', 'Process', 'Systems', 'Time', 'Web']",N/A,N/A,https://www.indeed.com/rc/clk?jk=05528242fa34039d&from=vj&pos=bottom,2019-08-13 20:40:05.465790
Designer - New Construction Homes,"SuperFloors, subsidiary of Interior Logic Group",WA,Lacey,N/A,N/A,"$35,000 ","$36,000 ",Yearly,"The Designer is responsible for working with homeowners and builders to plan, design, and notate finish selections. Support Interior Logic Group initiatives.",Easily apply,N/A,"https://www.indeed.com//company/SuperFloors,-subsidiary-of-Interior-Logic-Group/jobs/Designer-72ac4df261a1f87d?fccid=400845f708a13740&vjs=3",Entry Level,Commission,N/A,p_72ac4df261a1f87d,UI/UX,"<div class=""jobsearch-jobDescriptionText"" id=""jobDescriptionText""><p><b>Base salary + commission.</b></p><p><b>JOB SUMMARY: </b>The Designer is responsible for working with homeowners and builders to plan, design, and notate finish selections.</p><p><b>ESSENTIAL JOB FUNCTIONS: </b></p><ul><li>Welcome, greet, and converse with homeowners while selecting interior selections/options. Builders may have additional products that the Design Consultant must be knowledgeable about and will also review with homeowners.</li></ul><ul><li>Schedule homeowners/builders for design appts using Outlook (does not apply if DC has design coordinator.)</li></ul><ul><li>Sketch drawings for tile, stone designs, and elevations.</li></ul><ul><li>Turn in all homeowner payments, paperwork, and drawings within required timeline.</li></ul><ul><li>Complete specified home packages as requested by sales person and or project manager.</li></ul><ul><li>Design and create presentation or color boards as needed.</li></ul><ul><li>Maintain good communication with the sales team on all projects.</li></ul><ul><li>Complete and pass all modules of the DCS training and HDS training.</li></ul><ul><li>Attend all designer meetings as set by the Design Center Manager and other management requested meetings.</li></ul><ul><li>Contribute to the growth of the design department by participating in design center functions. Such as, giving presentations as requested by the Design Center Manager at group meetings.</li></ul><ul><li>General correspondence with clients including phone and email returned within the same business day.</li></ul><ul><li>Visit model homes and or job sites as needed and note on calendar.</li></ul><ul><li>Maintain a clean and orderly showroom environment; all samples should be put away following each appointment and at end of day.</li></ul><ul><li>Communicate any updates of showroom product inventory to design center manager.</li></ul><ul><li>Daily showroom walk through insuring lights, sound and operational equipment are in working order; any needs should be submitted to corresponding department.</li></ul><ul><li>Discontinued and dropped products will need to be pulled and disposed of appropriately following notification from the Merchandising Department or Design Center Manager.</li></ul><ul><li>Communication with Design Center Manager about showroom products and sample needs.</li></ul><ul><li>Responsible for communicating and assisting Merchandising Department/Design Center Manager regarding pricing and labeling needs.</li></ul><ul><li>Track homeowner/builder appts in design tracking log via SharePoint.</li></ul><ul><li>Communicate and track all appointments from Homeowner Care or Claims Department and turn in re-selection paper work to the Homeowner Care or Claims Department for payment.</li></ul><ul><li>Interfacing with vendor representatives and sales force to coordinate product knowledge meetings.</li></ul><ul><li>Support Interior Logic Group initiatives.</li></ul><ul><li>Sitting, typing, stooping, reaching, seeing, hearing, speaking, bending, lifting showroom samples.</li></ul><ul><li>Standing for long periods of time during buyer selections.</li></ul><p><b>OTHER: </b></p><ul><li>Contribute to a positive and productive work environment.</li><li>Conform with and abide by all regulations, policies, work procedures, and instructions.</li></ul><ul><li>Conform with all safety rules and use all appropriate safety equipment.</li></ul><p><b>QUALIFICATIONS: </b></p><ul><li>High School Diploma or GED; or one-year related experience and/or training or equivalent combination of education and experience.</li></ul><ul><li>Design/sales experience, preferably in builder market.</li></ul><ul><li>Sketching &amp; drawing skills.</li></ul><ul><li>Strong computer skills – must know Microsoft Outlook, Excel, Word, PowerPoint.</li></ul><ul><li>Communicate effectively with customers, co-workers, and supervisors in a professional and courteous manner.</li></ul><ul><li>Must be punctual and professional.</li></ul><ul><li>Strong organization and time management required.</li></ul><p><b>Physical Demands</b></p><p>The physical demands described here are representative of those that must be met by an employee to successfully perform the essential functions of this job. Reasonable accommodations may be made to enable individuals with disabilities to perform the essential functions.</p><p>While performing the duties of this job, the employee is regularly required to sit, talk, hear and see. The employee frequently is required to use hands to finger, handle, or feel and reach with hands and arms. The employee is occasionally required to stand and walk. The employee will regularly be reaching, pulling and lifting up to 15 pounds at or above shoulder height, as well as repeated lifting and or movement of up to 25 pounds.</p><p>Job Types: Full-time, Commission</p><p>Salary: $35,000.00 to $36,000.00 /year</p><p>Experience:</p><ul><li>Interior Design: 1 year (Preferred)</li><li>Sales: 1 year (Preferred)</li></ul><p>Location:</p><ul><li>Lacey, WA (Required)</li></ul><p>Commission Only:</p><ul><li>No</li></ul><p>Additional Compensation:</p><ul><li>Commission</li></ul><p>Work Location:</p><ul><li>One location</li></ul><p>Benefits:</p><ul><li>Health insurance</li><li>Dental insurance</li><li>Vision insurance</li><li>Retirement plan</li><li>Paid time off</li></ul><p>Pay Frequency:</p><ul><li>Bi weekly or Twice monthly</li></ul><p>Schedule:</p><ul><li>Monday to Friday</li></ul></div>",['<ul><li>High School Diploma or GED; or one-year related experience and/or training or equivalent combination of education and experience.</li></ul>'],N/A,['<ul><li>Interior Design: 1 year (Preferred)</li><li>Sales: 1 year (Preferred)</li></ul>'],True,"['Experience', 'Training']",N/A,['Design'],N/A,2019-08-12 20:40:07.390147
Regulatory Analyst 2 (or Regulatory Analyst 1 in-training),State of Washington Utilities and Transportation C...,WA,Olympia,N/A,N/A,"$4,953 ","$6,496 ",N/A,Help protect the consumers of Washington state! The Washington Utilities and Transportation Commission (UTC) is seeking qualified candidates for two positions…,N/A,N/A,https://www.indeed.com//rc/clk?jk=ad33e23318128ddd&fccid=4bb4a98ffe880354&vjs=3,Entry Level,Commission,N/A,p_ad33e23318128ddd,Analyst,"<div class=""jobsearch-jobDescriptionText"" id=""jobDescriptionText""><div><div><div><b>Description</b></div><br/>
<p></p><div><div><b>Respect. Professionalism. Integrity. Accountability.</b><br/>
<br/>
<b>Help protect the consumers of Washington state!</b><br/>
</div><div>
The Washington Utilities and Transportation Commission (UTC) is seeking qualified candidates for two positions that will perform economic and financial analysis as part of our Regulatory Services Division. We may also consider candidates for an in-training appointment to these positions as a Regulatory Analyst 1. The salary for the in-training level is $4,066 to $5,334 per month. Upon successful completion of the training program, the incumbents will advance to the Regulatory Analyst 2 level.<br/>
<br/>
One of the positions is part of the of Energy Regulation section, which provides broad regulatory oversight of electric and gas utilities and leads the agency's analytical review of utility cost of service and requests to increase rates. This position will be a member of a sub-team within the Energy Regulation section that considers how regulation can adapt to the evolving energy landscape, and performs economic analysis on issues such as distribution system investments, reliability and resiliency improvements, smart grid technologies, critical infrastructure, distributed energy resource pricing, and grid modernization.<br/>
<br/>
The other position is part of the Conservation and Energy Planning (CEP) section, which is focused on ensuring that conservation and renewable energy requirements as embodied in the Washington Energy Independence Act (RCW 19.285) are met. Additionally, the section leads the agency's review of integrated resource plans, and reviews various issues in rate cases and tariff filings. CEP also engages in workshops and rulemakings on the appropriate regulatory status of unique issues such as low income support policies and new services like roof top solar devices.<br/>
<br/>
<b>About the UTC and Employer Initiatives</b><br/>
The UTC regulates the rates, services and practices of private or investor-owned utilities and transportation companies.<br/>
<br/>
The UTC is continually recognized for its excellence and integrity as a utility and transportation regulatory agency, as we challenge the status quo and ourselves.<br/>
<br/>
At the UTC, we recognize that our employees are the key to the agency's success. We are committed to our work, but value the balance with our personal lives. We demonstrate our commitment to employees by providing an environment that stimulates professional growth, continued learning opportunities, offers meaningful work and a comprehensive benefits package. For more information about benefits, please visit http://www.utc.wa.gov/aboutUs/careers/Pages/Working-at-UTC.aspx.<br/>
<br/>
The UTC is a great place to work and has implemented several, and is developing additional, initiatives that create a great working environment, including:<br/>
<ul>
<li>We have <b>modernized our workplace</b> with workspaces that promote creative thought, innovation, and collaboration among co-workers, and improved building security and employee safety.
</li><li>We support a <b>healthy work/life balance</b> by offering flexible/alternative work schedules and mobile and telework options. (Depending on job duties).
</li><li>We have a formal <b>mentoring program</b> to provide and encourage employee growth and development, while also promoting informal mentoring relationships and sharing of knowledge across the commission.
</li><li>We have an <b>Infant at Work Program</b> that is based on the long-term values of breastfeeding newborns and infant-parent bonding. Eligible employees who are new mothers, fathers, or legal guardians can bring their infant (six weeks to six months, and in limited circumstances, up to nine months) when returning to work. (Depending on job duties and work location).
</li><li>We have an engaging <b>wellness program</b> which focuses on all nine elements of wellness: spiritual, physical, social, environmental, occupational, emotional, intellectual, nutritional, and financial. The UTC has received the state's Zo8 award the past five years for our achievements in building a sustainable wellness program.
</li><li>We have a comprehensive <b>continuous improvement program</b> focused on using Lean tools and principles to solve problems and continuously improve work processes.
</li><li>We use a structured, data-driven <b>Lean Management System </b>methodology to manage the core work and key initiatives of the commission and provide employees with a clear line of site from their daily work to the agency level key goals, outcomes, and core processes.
</li><li>We value and are actively involved in promoting <b>diversity and inclusion</b> within the UTC by way of a cross-divisional, collaborative committee. The focus of the committee includes employee engagement and education; reinforcing UTC values; and maximizing the value of diversity and identifying strategies for inclusion.</li></ul>
<br/>
For more information about the UTC, see our website www.utc.wa.gov – or visit www.twitter.com/wautc and www.facebook.com/wautc.<br/>
<br/>
<b>What you will be doing:</b><br/>
<br/>
<b>Energy Regulation position primary duties include:</b><br/>
<ul>
<li>Reviews, analyzes and reaches conclusions on complex utility filings.
</li><li>Evaluates the validity of utility requests through quantitative analysis and by applying principles of economics, financial accounting, and regulatory theory.
</li><li>Provides the Commission with objective recommendations on decisions for utility filings through formal written memoranda, commissioner briefings, and public presentation.
</li><li>Provides the Commission with objective recommendations on complex issues in a formal adjudications, such as general rate proceedings, through written expert testimony. Defends staff positions against cross examination by opposing counsel. Participates as a member of a team critically and comprehensively assessing the utility's need for additional revenues.
</li><li>Participates in individual and team projects exploring defined investigative, administrative or policy issues, often initiated by the Commission or its regulatory staff rather than by a utility filing. Duties may include consideration of new or revised approaches to utility regulation and initiatives to improve the efficiency of Energy Regulation's business processes.</li></ul>
<br/>
<b>CEP position primary duties include:</b><br/>
<ul>
<li>Conducts economic evaluations of utility company filings regarding: conservation goals that conform with Washington statutes; the attainment of previously determined conservation targets; the prudence of investments in generation and distribution facilities; the portfolio of energy resources to meet future service needs; complex pricing proposals designed to promote conservation; the introduction of new services; and plans to support low income customers.
</li><li>Uses economic analysis to create recommendations to senior management and commissioners. Develops written testimony that is filed in highly contentious legal proceedings where the incumbent is required to provide expert testimony and be cross-examined by counsel for those parties who oppose the incumbent's recommendations.
</li><li>Manages stakeholder involvement in developing policies that address emerging issues such as alternative resources and distributed generation, the enhancement of infrastructure reliability and to analyze other policies that promote the public interests of Washington citizens.</li></ul>
<br/>
<b>What we're looking for:</b><br/>
<br/>
<b>To qualify for the Regulatory Analyst 1 in-training, applicants must meet the education and competency requirements. Experience is not required for this level.</b><br/>
<br/>
<b>Regulatory Analyst 2 - Required Education and Experience:</b><br/>
<ul>
<li>Bachelor's Degree involving major study in economics, financial accounting, business administration, or other field directly relevant to electric and gas utility regulation. In rare situations, an individual without the requisite degree may qualify by demonstrating knowledge and abilities equivalent to the degree that have been attained through a combination of work experience and education.
</li><li>Three years of experience performing professional level research and analysis with an institution primarily engaged in regulatory matters or energy utility business operations. An advanced degree in a field directly applicable to public utility regulation will substitute for one year of the desired qualifications. Completion of the Regulatory Analyst 1 level part of the in-training program will substitute for two years of the required experience.</li></ul>
<br/>
<b>Position Specific Competencies:</b><br/>
<ul>
<li>Analytical Skills and Critical Thinking – Formulates judgments on complex issues through the identification, organization, and analysis of factual evidence and quantitative data; Reaches unbiased conclusions through logical reasoning and analytical objectivity; Maintains skepticism of unsupported claims and reliably identifies fallacious logic; Distinguishes information that is not pertinent to a decision or solution.
</li><li>Professional Writing and Communication Skills – Writes clearly, concisely and coherently, using organized thought and logically reasoned arguments; Effectively translates complex technical concepts into messages others can readily grasp; Listens carefully, reflects upon what is being said, and responds appropriately; Presents information clearly, accurately and in an audience-specific manner.
</li><li>Professional Conduct – Takes responsibility for actions; Is courteous, considerate and respectful at all times in all interactions with coworkers, utility representatives and other parties with whom we interact; Maintains cordial relations with coworkers; Exercises self-awareness, recognizing and controlling behavior that is disrespectful, aggressive, unnecessarily argumentative or overly confrontational; Sets aside personal differences to complete work as part of a team; Respects the point of view of others and approaches disagreements with patience and tact; Adheres to the UTC's Values at all times:
<ul><li>Respect: We treat every person and interaction with consideration and goodwill.
</li><li>Professionalism: We are committed to excellence in our work and conduct.
</li><li>Integrity: We do the right things for the right reasons- trusting others to do the same.
</li><li>Accountability: With courage, we hold ourselves and each other accountable for exhibiting respect, professionalism, and integrity.
</li></ul></li></ul><br/>
<b>Agency-wide Core Competencies:</b><br/>
<ul>
<li>Customer Focus – Responsive to both internal and external customers. Works with customer to identify needs; assumes responsibility for own role in meeting those needs. Ensures commitments to customers are met. Receptive to customer feedback.
</li><li>Results Focus – Accepts personal accountability for individual results or share of team results. Manages workload and interpersonal relationships to achieve results; prioritizes tasks appropriately, overcomes obstacles, works with others as necessary, and meets deadlines and quality standards.
</li><li>Communication Skills – Demonstrates communication skills (reading comprehension, writing, listening, speaking) appropriate to the position. Shows respect and courtesy in interpersonal communications.
</li><li>Adaptability/Flexibility – Open to new ideas. Responds constructively to change and stressful situations. In consultation with supervisor, adjusts plans to meet changing needs.
</li><li>Self-Development – Demonstrates proactive learning. Keeps knowledge and skills up-to-date. Solicits and accepts constructive feedback. Seeks developmental assignments to improve skills. Turns challenges into learning opportunities.
</li><li>Continuous Process Improvement – Uses Lean tools and principles to continuously identify improvements, solve problems, and improve work processes. Participates on process improvement projects/teams. Actively engages in section/division huddles and incorporates visual management into daily work.</li></ul>
<br/>
<b>Although not required, preference may be given to candidates who have the following desired qualifications:</b><br/>
<br/>
<b>Education and Experience:</b><br/>
<ul>
<li>Advanced degree in relevant field, such as business administration, economics, financial accounting, law, or public utility regulation;
</li><li>Professional experience in economic analysis, financial accounting, public utility regulation, public utility law, or utility business operations;
</li><li>Professional experience in persuasive writing or writing for decision-makers;
</li><li>Experience analyzing technical issues in the electric or natural gas industries.</li></ul>
<br/>
<b>Competencies:</b><br/>
<ul>
<li>Public Speaking – Presents information and responds to questions clearly and accurately in public and in formal legal settings. Presents analytical findings and recommendations at open public meetings before the Commission. Defends analysis and recommendations against cross-examination by opposing counsel in formal adjudicative proceedings.
</li><li>Principles of Economics – Applies economic theory to the analysis of utility operations and corporate decision-making processes; Reviews and/or performs analyses of operational cost pressures, risk management strategies, project business cases, class cost of service, and least cost resource optimization.
</li><li>Financial Accounting – Applies accounting standards and principles (such as GAAP) to the analysis of utility financial statements, such as income statements and balance sheets. Audits utility books, reviews various accounting adjustments, ensures adherence to the matching principle, and assesses the appropriateness for rate recovery of items presented in the utility's financial results of operations.
</li><li>Application of Regulatory Principles – Develops positions and recommendations in accordance with administrative rules, Washington statutes defining an agency's regulatory authority, policy and interpretive statements, regulatory theory, and precedent established in legal decisions.
</li><li>Demonstrated subject matter expertise consisting of theory and/or practice of one or more of the following: production cost modeling; cost of service studies; rate design; integrated resource planning; analysis of environmental issues such as externalities or avoided costs; energy forecasting; evaluation, measurement and verification of conservation energy savings; implementation of conservation programs; energy conservation potential; infrastructure planning and design; renewable resources; electric distribution or transmission system design, operations, and reliability; energy supply and demand planning; infrastructure expansion, replacement, protection, and life extension policies and procedures; development or deployment of distributed generation or demand response technologies; or low-income assistance programs.
</li><li>Demonstrated skills using one or more of the following: production cost modeling software; statistical software packages; geographic information systems (GIS) software or other proprietary modeling software packages.</li></ul>
<br/>
<b>Conditions of Employment:</b><br/>
<br/>
This position is included in the Washington Federation of State Employees bargaining unit.<br/>
<br/>
Conflict of Interest: RCW 80.01.020 limits the commission's ability to employ any person who owns stock in any company the commission regulates or is otherwise financially interested in such company.<br/>
<br/>
<b>Application Process:</b><br/>
<br/>
<b><i>This recruitment will remain open until a sufficient number of qualified candidates have applied and may be closed without notice any time after seven calendar days. The hiring managers reserve the right to make a hiring decision at any time.</i></b> <b><i>It is to your advantage to apply as soon as possible.</i></b><br/>
<br/>
<b>Read the instructions below carefully before following the ""Apply"" link above.</b><br/>
<br/>
In addition to completing the online application and Supplemental Questionnaire, applicants must attach the following documents to their application to be considered for this position:<br/>
<ul>
<li>A <b>letter of interest </b>explaining how you meet the qualifications. If you are applying for both positions, your letter should explain how you qualify for each position;
</li><li>A current <b>resume</b> detailing experience and education;
</li><li><b>College transcript(s)</b> – unofficial will suffice; and,
</li><li>A list of <b>three professional references</b> with current telephone numbers, including your current or most recent supervisor (or you may include this information in the Reference section of your application). A professional reference is defined as an individual who has been paid to supervise your work and can attest to your work performance, technical skills, and job competencies. If you do not have any or sufficient professional references, please include non-related professionals, such as educators or other professional associates.</li></ul>
<br/>
<b>READ THE FOLLOWING INFORMATION COMPLETELY:</b><br/>
<ul>
<li>Carefully review your application and other documents requested (e.g., cover letter and resume) for accuracy, spelling and grammar before submitting.
</li><li>The initial screening of applications will be solely based on the contents and completeness of the ""work experience"" and ""education"" sections of your application in www.careers.wa.gov; completeness of your resume, cover letter, and any other materials submitted as part of the application process; and responses to the supplemental questionnaire.
</li><li>A resume will not substitute for completing the ""work experience"" section of the application.</li></ul>
<br/>
<b>Only complete applications will be considered. </b><b>All information may be verified and documentation may be required. </b><b>You may be disqualified if your education and/or work experience does not include information used to meet the minimum qualifications of the job.</b><br/>
<br/>
Visit these links to learn more about:<br/>
the state of Washington <b>http://access.wa.gov</b>,<br/>
the Olympia area www.co.thurston.wa.us or<br/>
<b>www.Olympiawa.gov</b><br/>
<br/>
The Utilities and Transportation Commission is an equal opportunity employer. We strive to create a working environment that includes and respects cultural, racial, ethnic, sexual orientation and gender identity diversity. Women, racial, and ethnic minorities, persons with disabilities, persons over 40 years of age, disabled and Vietnam era veterans and people of all sexual orientations and gender identities are encouraged to apply. Persons needing accommodation in the application process or this announcement in an alternative format may contact Tami Knighten at (360) 664-1132 or Tami.Knighten@utc.wa.gov. For TTY service, please call the Washington Relay Service at 7-1-1 or 1-800-833-6384.</div></div></div></div><p></p></div>","[""<ul>\n<li>Reviews, analyzes and reaches conclusions on complex utility filings.\n</li><li>Evaluates the validity of utility requests through quantitative analysis and by applying principles of economics, financial accounting, and regulatory theory.\n</li><li>Provides the Commission with objective recommendations on decisions for utility filings through formal written memoranda, commissioner briefings, and public presentation.\n</li><li>Provides the Commission with objective recommendations on complex issues in a formal adjudications, such as general rate proceedings, through written expert testimony. Defends staff positions against cross examination by opposing counsel. Participates as a member of a team critically and comprehensively assessing the utility's need for additional revenues.\n</li><li>Participates in individual and team projects exploring defined investigative, administrative or policy issues, often initiated by the Commission or its regulatory staff rather than by a utility filing. Duties may include consideration of new or revised approaches to utility regulation and initiatives to improve the efficiency of Energy Regulation's business processes.</li></ul>"", ""<ul>\n<li>Conducts economic evaluations of utility company filings regarding: conservation goals that conform with Washington statutes; the attainment of previously determined conservation targets; the prudence of investments in generation and distribution facilities; the portfolio of energy resources to meet future service needs; complex pricing proposals designed to promote conservation; the introduction of new services; and plans to support low income customers.\n</li><li>Uses economic analysis to create recommendations to senior management and commissioners. Develops written testimony that is filed in highly contentious legal proceedings where the incumbent is required to provide expert testimony and be cross-examined by counsel for those parties who oppose the incumbent's recommendations.\n</li><li>Manages stakeholder involvement in developing policies that address emerging issues such as alternative resources and distributed generation, the enhancement of infrastructure reliability and to analyze other policies that promote the public interests of Washington citizens.</li></ul>"", '<ul>\n<li>A <b>letter of interest </b>explaining how you meet the qualifications. If you are applying for both positions, your letter should explain how you qualify for each position;\n</li><li>A current <b>resume</b> detailing experience and education;\n</li><li><b>College transcript(s)</b> – unofficial will suffice; and,\n</li><li>A list of <b>three professional references</b> with current telephone numbers, including your current or most recent supervisor (or you may include this information in the Reference section of your application). A professional reference is defined as an individual who has been paid to supervise your work and can attest to your work performance, technical skills, and job competencies. If you do not have any or sufficient professional references, please include non-related professionals, such as educators or other professional associates.</li></ul>']",N/A,"[""<ul>\n<li>Bachelor's Degree involving major study in economics, financial accounting, business administration, or other field directly relevant to electric and gas utility regulation. In rare situations, an individual without the requisite degree may qualify by demonstrating knowledge and abilities equivalent to the degree that have been attained through a combination of work experience and education.\n</li><li>Three years of experience performing professional level research and analysis with an institution primarily engaged in regulatory matters or energy utility business operations. An advanced degree in a field directly applicable to public utility regulation will substitute for one year of the desired qualifications. Completion of the Regulatory Analyst 1 level part of the in-training program will substitute for two years of the required experience.</li></ul>"", '<ul>\n<li>Advanced degree in relevant field, such as business administration, economics, financial accounting, law, or public utility regulation;\n</li><li>Professional experience in economic analysis, financial accounting, public utility regulation, public utility law, or utility business operations;\n</li><li>Professional experience in persuasive writing or writing for decision-makers;\n</li><li>Experience analyzing technical issues in the electric or natural gas industries.</li></ul>']",True,"['Accounting', 'Analysis', 'Complex', 'New', 'Presentation', 'Quantitative', 'Reviews', 'Team', 'Infrastructure', 'Management', 'Resources', 'Service', 'Services', 'Support', 'Application', 'Experience', 'Information', 'List', 'Performance', 'Technical']",N/A,"['Accounting', 'Administration', 'Analysis', 'Experience', 'Research', 'Study', 'Training', 'Natural', 'Technical', 'Writing']",https://www.indeed.com/rc/clk?jk=ad33e23318128ddd&from=vj&pos=bottom,2019-08-12 20:40:09.314562
"Sales Representative - Seattle, WA",DIRTT Environmental Solutions,WA,Seattle,N/A,N/A,N/A,N/A,N/A,HAVE YOU HEARD THE DIRTT? You don’t settle for ordinary. You have a strong go-getter attitude. You’re extremely detail oriented and not afraid to get things…,Easily apply,N/A,https://www.indeed.com//rc/clk?jk=6e75a5b2322f2fde&fccid=cbbdbf99b85c717d&vjs=3,Entry Level,Commission,N/A,p_6e75a5b2322f2fde,Network Engineer,"<div class=""jobsearch-jobDescriptionText"" id=""jobDescriptionText""><div><div><div><h3 class=""jobSectionHeader""><b>HAVE YOU HEARD THE DIRTT?</b></h3><p>
You don’t settle for ordinary. Neither do we. Pull that superhero cape out of your closet. Join a community of passionate and energetic people on a mission to change how the world builds. It's not always going to be easy. That's why we’re focused on performance, favoring talent over seniority, degrees and titles.</p><p>
You have a strong go-getter attitude. You’re extremely detail oriented and not afraid to get things done. You’re a driven, energetic, and professional individual with a strong work ethic.</p><p>
At DIRTT, we believe that in order to do better, we need to build better. We don’t have offices or titles, and our employees are known affectionately as DIRTTbags. Our entrepreneurial spirit and core values are redefining the construction industry. We celebrate our success together and achieve what others can only dream about. Do you have what it takes?</p><h3 class=""jobSectionHeader""><b>
The Successful Candidate</b></h3><p>
Creativity and persistence are crucial in this exciting and demanding Sales Representative (DIRTT Rep) position. As the successful candidate, you’re resourceful, professional along with a strong and positive go-getter attitude. You always see the big picture and implement suitable strategies to ensure success. You thrive in autonomous environments and are driven to meet and surpass goals.</p><h3 class=""jobSectionHeader""><br/>
<b>
More specifically:</b></h3><ul><li>
You have a demonstrable track record of success in the commercial interior construction industry, are conversant with architectural drawings, details and specifications with a strong understanding of the construction process, real estate market and job site conditions. Your solid understanding of the construction industry, job site conditions and building processes allow you to relate to general contractors and project managers. In essence, you speak their language.</li>
<li>Your sharp business acumen is evident throughout your daily interactions, whether in a formal business meeting with potential partners or on site with builders.</li>
<li>You possess strong communication, negotiation and interpersonal skills, enabling you to engage in open dialogue and build rapport with Partners and clients from facilities managers to the C-Suite.</li>
<li>You have excellent presentation skills and are comfortable using technology for presentation and communication purposes.</li>
<li>You are able to create and maintain relationships with our end-users, identifying with clients’ priorities and goals.</li>
<li>You have extraordinary listening skills with attention to detail, and follow-through to ensure complete client satisfaction to the final installation of their project.</li>
<li>You are a strong team player, collaborating effectively and able to trouble-shoot to the successful completion of a project.</li>
</ul><h3 class=""jobSectionHeader""><br/>
<b>Responsibilities:</b></h3><p>
You are a wealth of information on all things DIRTT. Clients and project stakeholders see you as their main resource for guidance on DIRTT’s solutions, processes and software. As a key member of DIRTT’s sales team, your main focus is to attract and retain new and existing business relationships with partners, clients, sales reps and other stakeholders. You are also directly responsible for the success of your local DIRTT sales partners and accordingly, must also function as their local mentor and wingman.</p><h3 class=""jobSectionHeader""><br/>
<b>
Partner Connections:</b></h3><ul><li>
Be the first point of contact for all things DIRTT, supporting everyone on your local DIRTT partner’s team throughout the sales process, while also functioning as the face of DIRTT within their organization as a whole.</li>
<li>Work with the local DIRTT Partner, integrating with their team and harnessing each other’s talents to grow the overall DIRTT business in the market, and building productive relationships.</li>
<li>Work with DIRTT resources (Product Development, Project Management, the Power and Network teams, and Info, etc.) to provide answers and troubleshoot issues in the field.</li>
<li>Prioritize opportunities and execute on DIRTT’s go-to-market plans to identify and qualify leads to ensure the best use of time by our partners and DIRTT.</li>
<li>Coordinate DIRTT training for all members of Partner team; arrange vertical market specialists and technician visits.</li>
<li>Meet personal and Partner team sales targets.</li>
</ul><h3 class=""jobSectionHeader""><br/>
<b>Client/BD Services:</b></h3><ul><li>
Your primary motivation is to satisfy our clients first and foremost to ensure an excellent experience to them. Learn and appreciate the needs of clients, from the C-suite to facilities and IT teams, forming relationships and building trust.</li>
<li>Create plans for new sales channels and opportunities.</li>
<li>Introduce new offerings to existing markets and clients in creative ways that highlight the value proposition.</li>
<li>Identify and assess the value of business opportunities (clients and partnerships) and create strategies to drive long-term growth.</li>
<li>Address deficiencies in the field – warranty issues, Partner deficiencies. Work with Corporate to address factory issues/warranties; meet with clients to retain relationship.</li>
<li>Maintain client relationships and support client needs post-installation.</li>
<li>Create visibility and expand your network with community involvement, industry associations (BOMA/IFMA/etc.), leads groups and networking events. Create events to attract end users and construction industry influencers; create and nurture those relationships.</li>
<li>Create and give presentations for all vertical market groups and A&amp;D and GC’s.</li>
<li>Engage in open dialogue with construction industry stakeholders and thought leaders.</li>
</ul><h3 class=""jobSectionHeader""><br/>
<b>As a DIRTTBag:</b></h3><ul><li>
Have a thorough understanding of DIRTT’s proprietary software platform, ICE, DIRTT offerings, and processes to work with clients on bringing projects to life.</li>
<li>Stay well-informed on the happenings of DIRTT, our sales tools and technologies by attending meetings, sales events and trainings to keep abreast of the latest developments.</li>
<li>Accurately forecast sales, develop sales strategies, and report and provide feedback to management.</li>
<li>Share sales strategies with other reps and participate in team-building exercises and sharing of information.</li>
<li>Work with other Reps on intermarket sales insuring a successful project and client experience.</li>
<li>Provide feedback on Partner operational effectiveness in the market.</li>
</ul><p>This position reports to the Regional Sales Director.</p><p>
Our package offer includes a base salary, excellent benefits and commission.</p></div></div></div>
<br/><p>To apply for this position, email us at careers@dirtt.net. Please include the position title in your subject line. No direct phone calls or in-person visits please.</p></div>","['<ul><li>\nBe the first point of contact for all things DIRTT, supporting everyone on your local DIRTT partner’s team throughout the sales process, while also functioning as the face of DIRTT within their organization as a whole.</li>\n<li>Work with the local DIRTT Partner, integrating with their team and harnessing each other’s talents to grow the overall DIRTT business in the market, and building productive relationships.</li>\n<li>Work with DIRTT resources (Product Development, Project Management, the Power and Network teams, and Info, etc.) to provide answers and troubleshoot issues in the field.</li>\n<li>Prioritize opportunities and execute on DIRTT’s go-to-market plans to identify and qualify leads to ensure the best use of time by our partners and DIRTT.</li>\n<li>Coordinate DIRTT training for all members of Partner team; arrange vertical market specialists and technician visits.</li>\n<li>Meet personal and Partner team sales targets.</li>\n</ul>']",N/A,N/A,True,"['Development', 'Go', 'Management', 'Network', 'Process', 'Product', 'Resources', 'Team', 'Time', 'Training']",N/A,N/A,N/A,2019-08-12 20:40:11.700618
Web Design Tutor/Teacher,Wyzant,WA,Kent,98031,N/A,$24 ,$30 ,Hourly,"I need a tutor with expertise for a school project. Specifically, I need help with creating wireframes, storyboards, and GUI. Would like lessons to begin:",N/A,N/A,https://www.indeed.com//rc/clk?jk=3c7b4eac307db89b&fccid=b4e63b038066bea9&vjs=3,Entry Level,Commission,N/A,p_3c7b4eac307db89b,Web Developer,"<div class=""jobsearch-jobDescriptionText"" id=""jobDescriptionText"">I need a tutor with expertise for a school project. Specifically, I need help with creating wireframes, storyboards, and GUI. The project has simple requirements, however, I do not know anything about HTML, CSS, JavaScript, or Visual Basic. The assignment requires me to use one of those listed (not all). I just need to turn in the screenshots.
<br/><br/>
<b>Student/Parent Information:</b><br/>
<b>Location:</b> Kent, WA 98031
<br/><b>Subject:</b> Web Design
<br/><b>Student grade level:</b> College
<br/><br/>
<b>Lesson Information:</b><br/>
<b>Would like lessons to begin:</b> Today
<br/><b>Availability:</b> I'm flexible
<br/><b>Preferred lesson location:</b> Library / public place
<br/><br/>
Web Design Tutoring &amp; Teaching opportunities available in Kent, WA starting at $25-$50/hr.
<br/><br/>
<ul>
<li>Apply to become a tutor listed on Wyzant to help this student and other students in your community</li>
<li>Work with a variety of students in your best subjects</li>
<li>Spend more time teaching and less time administering</li>
<li>Set your own hours while you help students learn the subjects you love to teach</li>
</ul>
Qualifications
<br/><ul>
<li>A love of learning</li>
<li>Excellent communication skills</li>
<li>Expertise in a variety of disciplines</li>
<li>Passion for helping others learn and succeed</li>
</ul>
Pay
<br/><ul>
<li>Set your own rate (most tutors charge between $30-60/hour)</li>
<li>Commission fee is only 20-40% compared to the 60-80% that traditional tutoring companies take.</li>
</ul>
Application Process
<br/><ul>
<li>Upon submission, your application will be reviewed to ensure quality before becoming active.</li>
<li>You'll receive an initial response within 48 hours of submission.</li>
</ul>
</div>",N/A,N/A,N/A,False,"['Application', 'Basic', 'Communication', 'Css', 'Design', 'Html', 'Information', 'Javascript', 'Learning', 'Process', 'Time', 'Visual', 'Web']",N/A,N/A,https://www.indeed.com/rc/clk?jk=3c7b4eac307db89b&from=vj&pos=bottom,2019-08-12 20:40:13.619512
Designer Handbags Sales Associate(Multilingual Preferred) - Draw Vs Commission,Neiman Marcus,WA,Bellevue,N/A,(Downtown area),N/A,N/A,N/A,To be the premier omni-channel retailer of luxury and fashion merchandise dedicated to providing superior service and a distinctive shopping experience in our…,N/A,N/A,https://www.indeed.com//rc/clk?jk=65c492f3134f99d3&fccid=7a11eee3ff8b533d&vjs=3,Entry Level,Commission,N/A,p_65c492f3134f99d3,UI/UX,"<div class=""jobsearch-jobDescriptionText"" id=""jobDescriptionText""><div></div><div><div><div><b>COMPANY OVERVIEW</b></div>
<div>For over a century, Neiman Marcus Group has served the unique needs of our discerning customers by staying true to the principles of our founders: to be the premier omni-channel retailer of luxury and fashion merchandise dedicated to providing superior service and a distinctive shopping experience in our stores and on our websites. Neiman Marcus Group is comprised of the Specialty Retail Stores division, which includes Neiman Marcus and Bergdorf Goodman, and our international brand, mytheresa.com. Our portfolio of brands offers the finest luxury and fashion apparel, accessories, jewelry, beauty, and home décor. The Company operates more than 40 Neiman Marcus full-line stores in the most affluent markets across the United States, including U.S. gateway cities that draw an international clientele. In addition, we operate 2 Bergdorf Goodman stores in landmark locations on Fifth Avenue in New York City. We also operate more than 40 Last Call by Neiman Marcus off-price stores that cater to a value oriented, yet fashion minded customer. Our upscale eCommerce and direct-to-consumer division includes NeimanMarcus.com, BergdorfGoodman.com Horchow.com, LastCall.com, and CUSP.com. Every day each of our 15,000 NMG associates works towards the goal of enabling our customer to shop any of our brands ""anytime, anywhere, and on any device."" Whether the merchandise we sell, the customer service we offer, or our investments in technology, everything we do is to enhance the customer experience across all channels and brands.</div><div>
</div></div><div><b>
Qualifications</b><div>
</div><p><b>
DESCRIPTION</b></p><div><br/>
</div><ul><li>
Creates a welcoming environment by greeting and approaching customers</li><li>
Exceeds customer expectations by providing assistance with a positive attitude</li><li>
Recommends merchandise based on product knowledge and customer preferences</li><li>
Is knowledgeable and educates self and others on merchandise</li><li>
Demonstrates timely follow-up and follow-through on customer requests and commitments</li><li>
Actively creates a welcoming environment through teamwork and collaboration</li><li>
Effectively utilizes mobile devices to communicate with customers and expand business</li><li>
Effectively utilizes available clientele tools and resources to increase personal business</li><li>
Frequently advises customers of the benefits of the InCircle program</li><li>
Works to develop long term customer relationships</li><li>
Assist in maintaining visual and merchandise presentation standards on the selling floor</li><li>
Ensure audit compliance</li><li>
Demonstrate flexibility and ability to adapt to the changing needs of the business</li></ul><div>
</div><p><b>QUALIFICATIONS</b></p><div><br/>
</div><ul><li><div>
Excellent customer service skills</div></li><li><div>
Motivated and results driven</div></li><li><div>
Strong attention to detail</div></li><li><div>
Ability to work autonomously
</div></li><li><div>Commission sales experience preferred</div></li><li><div>
Previous retail experience preferred</div></li><li><p>
Standing, bending, lifting, climbing stairs</p></li><li><div>
Associates must be willing to work a flexible schedule based on business need, which will include evenings, weekends and holidays.<br/>
</div></li></ul><div>
</div></div><div><b>
Primary Location</b><b>:</b> United States of America-Washington-KING-Bellevue-Bellevue Store</div><div><b>
Work Locations</b><b>:</b> Bellevue Store Neiman Marcus 11111 NE 8th Street Bellevue 98004</div><div><b>
Job</b><b>:</b> Retail Store Sales</div><div><b>
Organization</b><b>:</b> Neiman Marcus</div><div><b>
Schedule</b><b>:</b> Full-time</div><div><b>
Shift</b><b>:</b> Flexible</div><div><b>
Employee Status</b><b>:</b> Regular</div><div><b>
Job Type</b><b>:</b> Standard</div><div><b>
Job Level</b><b>:</b> Individual Contributor</div><div><b>
Travel</b><b>:</b> No</div><div><b>
Job Posting</b><b>:</b> Jun 20, 2019, 10:17:10 PM</div></div></div>","['<ul><li>\nCreates a welcoming environment by greeting and approaching customers</li><li>\nExceeds customer expectations by providing assistance with a positive attitude</li><li>\nRecommends merchandise based on product knowledge and customer preferences</li><li>\nIs knowledgeable and educates self and others on merchandise</li><li>\nDemonstrates timely follow-up and follow-through on customer requests and commitments</li><li>\nActively creates a welcoming environment through teamwork and collaboration</li><li>\nEffectively utilizes mobile devices to communicate with customers and expand business</li><li>\nEffectively utilizes available clientele tools and resources to increase personal business</li><li>\nFrequently advises customers of the benefits of the InCircle program</li><li>\nWorks to develop long term customer relationships</li><li>\nAssist in maintaining visual and merchandise presentation standards on the selling floor</li><li>\nEnsure audit compliance</li><li>\nDemonstrate flexibility and ability to adapt to the changing needs of the business</li></ul>', '<ul><li><div>\nExcellent customer service skills</div></li><li><div>\nMotivated and results driven</div></li><li><div>\nStrong attention to detail</div></li><li><div>\nAbility to work autonomously\n</div></li><li><div>Commission sales experience preferred</div></li><li><div>\nPrevious retail experience preferred</div></li><li><p>\nStanding, bending, lifting, climbing stairs</p></li><li><div>\nAssociates must be willing to work a flexible schedule based on business need, which will include evenings, weekends and holidays.<br/>\n</div></li></ul>']",N/A,N/A,True,"['Customer', 'Mobile', 'Presentation', 'Product', 'Resources', 'Tools', 'Visual', 'Experience', 'Service']",N/A,N/A,https://www.indeed.com/rc/clk?jk=65c492f3134f99d3&from=vj&pos=bottom,2019-08-12 20:40:15.635448
Business Development Manager Software Development and Services,MHR Infotech Inc,WA,Redmond,98052,N/A,N/A,N/A,N/A,The New Business Development Manager will be responsible for the full life-cycle sales process of short and long-term initiatives for Software development and…,Easily apply,N/A,https://www.indeed.com//company/MHR-Infotech-Inc/jobs/Business-Development-Manager-Software-Development-Service-157c41faa40dbe7a?fccid=c5b9f4f70f75c381&vjs=3,Entry Level,Commission,N/A,p_157c41faa40dbe7a,Software Engineer,"<div class=""jobsearch-jobDescriptionText"" id=""jobDescriptionText""><p>Job Description</p><p>The New Business Development Manager will be responsible for the full life-cycle sales process of short and long-term initiatives for Software development and Services including IT staffing requirements by identifying and securing new business opportunities.</p><p><b>Roles and Responsibilities</b></p><p>· Develop account penetration strategy, gain account intelligence and develop business with new clients</p><p>· Generate sales leads and set client meetings to develop new accounts, establish relationships at multiple levels throughout the client organization, and close viable business opportunities</p><p>· Manage the client relationship, recognize key client issues, and ensure that client needs and project objectives are consistently met through weekly/monthly follow-up.</p><p>· One of the primary points of contact for an assigned account</p><p>· Achieve business targets for assigned client account(s)</p><p>· Work closely with recruiting to insure delivery of staffing requirements</p><p>· Become thoroughly familiar with client systems and processes for submitting resumes</p><p>· Communicate and prioritize client requirements to sales executives and recruiters</p><p>· Negotiate bill rates with client managers, if applicable</p><p>· Conduct client meetings to build and maintain relationships</p><p>· Develop individual leads, including leads for new accounts</p><p>· Submit weekly, monthly and other related sales reports</p><p>· Responsible for building a sales pipeline for prospects</p><p>· Effectively manage and prioritize a high volume of requisitions</p><p>· Interact closely with the technical recruiting team to clearly communicate client requirements ensuring the successful identification of candidates</p><p>· Negotiate contracts and close agreements to maximize profits</p><p><b>Education and Experience</b></p><p>· Experience selling IT Solutions, Staff Augmentation. Experience with IT Staffing firm a major plus</p><p>· Track record of achieving monthly, quarterly and annual KPI targets</p><p>· Responsibilities for negotiating terms and conditions with clients</p><p>· Proven analysis, problem solving and troubleshooting expertise</p><p>· Ability to multi-task and perform effectively under pressure</p><p>· Comfortable interacting with all levels of management and roles within the client organization</p><p>· Ability to effectively prioritize and escalate customer issues as required</p><p>· Detailed, organized, and result oriented</p><p>· MS Office (particularly MS Excel) expertise required.</p><p>· Demonstrated proficiency in the full sales life cycle, including client prospecting and proposal development, as well as negotiating and closing</p><p>· Proven work experience as an Account Manager, Sales Account Manager, Junior Account Manager or relevant role</p><p>· Ability to communicate, present and influence key stakeholders at all levels of an organization, including executive and C-level</p><p>· Excellent listening, negotiation and presentation abilities</p><p>· Strong verbal and written communication skills</p><p>· BA/BS degree in Business Administration, Sales or relevant field</p><p>This is a Commission based employment. Depending on your performance and company growth we consider to offer a full time opportunity.</p><p>Job Types: Contract, Commission</p><p>Job Types: Part-time, Temporary, Internship, Contract, Commission</p><p>Experience:</p><ul><li>Sales: 1 year (Preferred)</li><li>Business development: 1 year (Required)</li></ul><p>Location:</p><ul><li>Redmond, WA 98052 (Preferred)</li></ul><p>Work authorization:</p><ul><li>United States (Preferred)</li></ul><p>Contract Renewal:</p><ul><li>Likely</li></ul></div>",['<ul><li>Sales: 1 year (Preferred)</li><li>Business development: 1 year (Required)</li></ul>'],N/A,N/A,True,['Development'],N/A,N/A,N/A,2019-08-12 20:40:17.564290
Sales Representative - Web Design - Commission Based,Think Development Services,WA,Seattle,N/A,N/A,"$4,000 ",N/A,N/A,We are looking for people experienced in sales who are looking for some extra side income. We are a web development / mobile application development company and…,Apply instantly,N/A,https://www.indeed.com//company/Think-Development-Services/jobs/Sales-Representative-a39dd7cfc46330fb?fccid=c56c4ee04ebf56b8&vjs=3,Entry Level,Commission,N/A,p_a39dd7cfc46330fb,Web Developer,"<div class=""jobsearch-jobDescriptionText"" id=""jobDescriptionText""><p>We are looking for people experienced in sales who are looking for some extra side income. We are a web development / mobile application development company and are hiring commission based sales staff. Pay is 20% of the sale goes to you, after 10 sales, that goes up to 25%. Sales average from 1500$ to 20,000$ or more depending on what the client needs. On-top of that, if the customer hosts with us, or gets a monthly management package, 20% of that goes to you as well every time they pay, so you can make passive income over time. We currently have one sales person who is earning 4,000$ + a month in commission sales, and he has peaked over $10,000 a month before. We are looking to expand to a few more sales reps. Must have experience in sales, have a decent understanding of how web design / mobile applications can help a business. This is a great opportunity for someone who can sell! Please provide your resume, along with a brief description on why you feel you would be a good fit for this position. Thank you!</p><p>Job Type: Commission</p><p>Salary: $4,000.00 /month</p></div>",N/A,N/A,N/A,False,"['Application', 'Applications', 'Customer', 'Description', 'Design', 'Development', 'Experience', 'Management', 'Mobile', 'Time', 'Web']",N/A,N/A,N/A,2019-08-12 20:40:19.380504
Outside Software Sales Consultant,DexYP,WA,Yakima,N/A,N/A,N/A,N/A,N/A,Protect & grow local business market share through Local Business Automation and use of our customizable software. Build a pipeline of prospects & close deals.,N/A,N/A,https://www.indeed.com//rc/clk?jk=3559b6bd64ebf820&fccid=cfd94efd4792e6c2&vjs=3,Entry Level,Commission,N/A,p_3559b6bd64ebf820,Software Engineer,"<div class=""jobsearch-jobDescriptionText"" id=""jobDescriptionText""><div><p><b>Outside Software Sales</b>
</p>
<p>Are you just working for a company or are you part of a CAUSE?</p>
<p>
Our Cause: Protect &amp; grow local business market share through Local Business Automation and use of our customizable software</p>
<p>
<b>Local Business Automation - Customizable Software</b></p>
<p>
We provide a unique way to automate business's everyday operations with software. Our software offers Customer Relationship Management (CRM), Search Engine Optimization, Marketing, online invoices &amp; receipts, text messaging, email marketing and social media management. This automation provides the edge a local business needs to better succeed in their market. <b>We do it all in a convenient app which allows the business owner complete control over their operations anytime, anywhere, and all from the palm of their hand. </b><b>http://www.dexmedia.com/solutions/dexhub</b></p><br/>
<p></p>
<p>
<b>Who you are:</b>
</p><p>We are seeking hungry and moldable individuals to strategize and offer our unique software solutions to local business owners. In addition, the candidate selected to join our team will be upselling existing accounts as well as growing local business via cutting edge leads generation platforms. We are looking for individuals who are:</p>
<ul>
<li>Goal oriented...you're known for destroying your sales goals
</li><li>Persuasive...you can explain software solutions in simple terms
</li><li>Exceed sales quotas &amp; expectations
</li><li>Build a pipeline of prospects &amp; close deals
</li><li>Develop great solutions to help customers WIN!</li></ul></div>
<br/><div><p><b>Basic Qualifications</b></p>
<ul><li>+2 years sales</li></ul>
<ul><li>Proven record of prospecting &amp; cold calling experience</li></ul>
<ul><li>Tech Savvy</li></ul>
<ul><li>Valid driver's license and clear driving record required, no multiple infractions within last 12 months</li></ul><br/>
<p></p>
<p><b>
Preferred Qualifications</b></p>
<ul><li>Proven success in new business acquisition</li></ul>
<ul><li>Experience in up-selling Software Solutions</li></ul>
<ul><li>Desire to achieve and be competitive with an optimistic attitude</li></ul><br/>
<p></p>
<p><b>
About Dex YP</b></p>
<p>
Dex YP is the leading provider of marketing solutions for local businesses. We partner with local businesses across the U.S. to help them get found, get chosen, and get talked about. We're passionate about helping our clients create and grow their customer relationships by providing comprehensive marketing solutions that include websites, print, mobile, social media, and search engine marketing solutions. We are trusted by more than 480,000 local businesses nationwide, which look to us to help them achieve their marketing goals.</p>
<p>
As a member of the Dex Media team, you will enjoy INCREDIBLE benefits in a REALLY FANTASTIC culture. This is a full-time position that offers a salary and UN-CAPPED commissions. If you are confident in your ability to hunt &amp; sell...you WILL make great money and have fun doing it.</p>
<p><b>
Dex YP Benefits:</b></p>
<ul><li>Medical (includes Rx and Vision)</li></ul>
<ul><li>Dental</li></ul>
<ul><li>Life and AD&amp;D insurance</li></ul>
<ul><li>Employee Assistance Program</li></ul>
<ul><li>Flexible spending and health savings accounts</li></ul>
<ul><li>Short and Long-term disability benefits</li></ul>
<ul><li>Tuition Assistance</li></ul>
<ul><li>401k - Company match</li></ul>
<ul><li>Paid time off programs</li></ul>
<ul><li>Mileage or transportation reimbursement for applicable positions</li></ul><br/>
<p></p>
<p><b>
Visit our website:</b> http://www.dexmedia.com/</p><br/>
<p></p>
<p>
Dex YP is an equal opportunity employer</p></div></div>",N/A,['<ul><li>Proven success in new business acquisition</li></ul>'],['<ul><li>+2 years sales</li></ul>'],True,N/A,['New'],N/A,https://www.indeed.com/rc/clk?jk=3559b6bd64ebf820&from=vj&pos=bottom,2019-08-12 20:40:21.269954
BDC Representative (Business Development Center),South Tacoma Auto,WA,Tacoma,N/A,(South Tacoma area),"$35,000 ","$45,000 ",Yearly,"Our Business Development Center is responsible for answering all incoming sales inquiries via phone, email, text, and chat. Must have strong work ethic.",N/A,N/A,https://www.indeed.com//rc/clk?jk=3fbef4fab1959736&fccid=52843ac8f1d20b11&vjs=3,Entry Level,Commission,N/A,p_3fbef4fab1959736,Analyst,"<div class=""jobsearch-jobDescriptionText"" id=""jobDescriptionText""><div><p>If you’re searching for a career with innovative, collaborative, fast-paced company, look no further - South Tacoma Auto is the perfect place for you to call home.</p>
<p>
South Tacoma Auto is changing the perception of the used car industry for both our customers and our employees. We aspire to develop a relationship in which both the company and our employees contribute to each other's growth.</p>
<p>
Our Business Development Center is responsible for answering all incoming sales inquiries via phone, email, text, and chat. Within the BDC, our Business Development Representatives play a vital role in our customer relations. As one of our reps, you would respond to customer inquiries and ultimately schedule appointments for them. You would be responsible for documenting customer interactions in a CRM software as well as accurately recording detailed data in an Excel/Google Spreadsheet. You would work closely with team members from other departments to assist our customers.</p>
<p>
Our goal is to build good business relationships with integrity, transparency, and passion for our customers and co-workers.</p>
<p>
No previous experience in the auto industry is required, however an appetite for knowledge and learning is key.</p>
<p>
Qualifications needed:</p>
<ul>
<li>Education - High School diploma or GED; some college is preferred</li>
<li>Valid Driver's License</li>
<li>Must have excellent written and verbal communication, collaboration, analytical and problem solving skills</li>
<li>Must have previous phone experience (2+ years preferred)</li>
<li>Must be punctual</li>
<li>Must have strong work ethic</li>
</ul><p>Our ideal candidate is an ambitious, performance-driven, self-starter. We are looking for someone who operates with honesty, well-roundedness, work-life balance, and good communication. We need someone to contribute professionalism, dedication, and passion to make our strong team even stronger.</p>
<p>
Company Benefits include: bonuses, paid time off, tuition reimbursement program, employee assistance program, and other voluntary benefits such as Dental and Voluntary Life insurance. Fun work environment with interesting people. Abundant opportunities for personal development are offered. Extensive training offered.</p><br/>
<p></p>
<p>
Job Type: Full-time</p><br/>
<p></p>
<p>
Compensation: $35,000.00 to $45,000.00 /year depending on performance</p><br/>
<p></p>
<p>
The position pays off of performance. Compensation is a combination of commission earned by performance on top hourly pay. The average earnings for our current reps is between $35,000 and $45,000.</p>
<p>
Please apply by clicking ""Apply for this job."" We will need your resume, three references, and a cover letter. We look forward to meeting you!</p></div></div>",N/A,N/A,"[""<ul>\n<li>Education - High School diploma or GED; some college is preferred</li>\n<li>Valid Driver's License</li>\n<li>Must have excellent written and verbal communication, collaboration, analytical and problem solving skills</li>\n<li>Must have previous phone experience (2+ years preferred)</li>\n<li>Must be punctual</li>\n<li>Must have strong work ethic</li>\n</ul>""]",True,N/A,N/A,"['Communication', 'Experience', 'Problem', 'Solving']",https://www.indeed.com/rc/clk?jk=3fbef4fab1959736&from=vj&pos=bottom,2019-08-12 20:40:23.220488
